mirna_id,sequence,region,gc_content,dg,conservation,affinity,structure_vector,label
hsa-miR-617,AGACUUCCCAUUUGAAGGUGGC,Loop I,0.5,-2.6,0.0,0.526629110479153,"[0, 0, 0, 0, 0, 0, 0, 1, 1, 1, 1, 1, 0, 0, 0, 0, -1, -1, -1, -1, -1, 0, 0, 1, 0]",0
hsa-miR-617,AGACUUCCCAUUUGAAGGUGGC,Loop II,0.5,-2.6,0.0,0.526629110479153,"[0, 0, 0, 0, 0, 0, 0, 1, 1, 1, 1, 1, 0, 0, 0, 0, -1, -1, -1, -1, -1, 0, 0, 1, 0]",0
hsa-miR-4511,GAAGAACUGUUGCAUUUGCCCU,Stem IIB,0.45454545454545453,-0.1,0.0,0.510795563400885,"[0, 0, 0, 0, 0, 0, 0, 0, 0, 0, 0, 1, 1, 0, 0, 0, 0, -1, -1, 0, 0, 0, 0, 1, 0]",0
hsa-miR-6510-3p,CACCGACUCUGUCUCCUGCAG,Loop I,0.6190476190476191,-1.1,0.0,0.37902700712692,"[0, 0, 0, 0, 0, 0, 0, 0, 1, 1, 1, 1, 0, 0, 0, 0, 0, -1, -1, -1, -1, 0, 1, 0, 0]",0
hsa-miR-6510-3p,CACCGACUCUGUCUCCUGCAG,Loop II,0.6190476190476191,-1.1,0.0,0.37902700712692,"[0, 0, 0, 0, 0, 0, 0, 0, 1, 1, 1, 1, 0, 0, 0, 0, 0, -1, -1, -1, -1, 0, 1, 0, 0]",0
hsa-miR-6831-3p,UGACUAACUCCCACUCUACAG,Loop I,0.47619047619047616,0.0,0.0,0.443139296382996,"[0, 0, 0, 0, 0, 0, 0, 0, 0, 0, 0, 0, 0, 0, 0, 0, 0, 0, 0, 0, 0, 0, 1, 0, 0]",0
hsa-miR-6831-3p,UGACUAACUCCCACUCUACAG,Loop II,0.47619047619047616,0.0,0.0,0.443139296382996,"[0, 0, 0, 0, 0, 0, 0, 0, 0, 0, 0, 0, 0, 0, 0, 0, 0, 0, 0, 0, 0, 0, 1, 0, 0]",0
